INSERT INTO USERS (
    emp_id,
    user_name,
    mail_address,
    passward,
    user_roll,
    act_status
  )
VALUES
  (99999, 'テスト二太郎', 'test@mail', 'testtest', 2, 1),
  (9999, 'テスト二郎', 'test2@mail', 'testtest1', 2, 1),
  (999, 'テスト三郎', 'test3@mail', 'testtest2', 2, 1),
  (99, 'テスト四郎', 'test4@mail', 'testtest3', 2, 1),
  (9, 'テスト五郎', 'test5@mail', 'testtest4', 2, 1);
INSERT INTO HUMANS (
    user_id,
    emp_id,
    human_name,
    join_date,
    act_status,
    version_num,
    register,
    regist_date
  )
VALUES
  (
    1,
    99999,
    'テスト太郎',
    '2011/11/11',
    1,
    1,
    'テスト太郎',
    '2011/11/11'
  ),
  (
    2,
    9999,
    'テスト二郎',
    '2011/11/11',
    1,
    1,
    'テスト太郎',
    '2011/11/11'
  ),
  (
    3,
    999,
    'テスト三郎',
    '2011/11/11',
    1,
    1,
    'テスト太郎',
    '2011/11/11'
  ),
  (
    4,
    99,
    'テスト四郎',
    '2011/11/11',
    1,
    1,
    'テスト太郎',
    '2011/11/11'
  ),
  (
    5,
    9,
    'テスト五郎',
    '2011/11/11',
    1,
    1,
    'テスト太郎',
    '2011/11/11'
  );
INSERT INTO ORDERS (
    human_id,
    order_status,
    act_status,
    version_num,
    register,
    regist_date
  )
VALUES
  (1, 1, 1, 1, 'テスト太郎', '2011/11/11'),
  (2, 1, 1, 1, 'テスト二郎', '2011/11/11'),
  (3, 1, 1, 1, 'テスト三郎', '2011/11/11'),
  (4, 0, 1, 1, 'テスト四郎', '2011/11/11'),
  (5, 2, 1, 1, 'テスト五郎', '2011/11/11'),
  (1, 3, 1, 1, 'テスト太郎', '2011/11/11'),
  (1, 1, 1, 1, 'テスト太郎', '2011/11/11'),
  (1, 2, 1, 1, 'テスト太郎', '2011/11/11');
INSERT INTO BASE_SKILLS (
    base_skill_name,
    act_status,
    version_num,
    register,
    regist_date
  )
VALUES
  ('サンプルベーススキル', 1, 1, 'テスト太郎', '2011/11/11'),
  ('プログラミング', 1, 1, 'テスト太郎', '2011/11/11'),
  ('データベース', 1, 1, 'テスト太郎', '2011/11/11'),
  ('セキュリティ', 1, 1, 'テスト太郎', '2011/11/11');
INSERT INTO SUB_SKILLS (
    sub_skill_name,
    description,
    sub_skill_status_type,
    act_status,
    version_num,
    register,
    regist_date
  )
VALUES
  (
    'サンプルサブスキル',
    'サンプルサブスキルです',
    0,
    1,
    1,
    'テスト太郎',
    '2011/11/11'
  ),
  (
    'タッチタイピング',
    'タイピングがスムーズです',
    0,
    1,
    1,
    'テスト太郎',
    '2011/11/11'
  ),
  (
    'おしゃべり',
    '人と話すことが好きです',
    2,
    1,
    1,
    'テスト太郎',
    '2011/11/11'
  ),
    (
    'バグテロリスト',
    'こっそりバグを仕込みます',
    3,
    1,
    1,
    'テスト太郎',
    '2011/11/11'
  );
INSERT INTO COMMON_SKILLS (
    common_skill_name,
    description,
    act_status,
    version_num,
    register,
    regist_date
  )
VALUES
  (
    'サンプルコモンスキル',
    'サンプルコモンスキルです',
    1,
    1,
    'テスト太郎',
    '2011/11/11'
  ),
  (
    'ロジカルシンキング',
    'アルゴリズムを組み立てられます',
    1,
    1,
    'テスト太郎',
    '2011/11/11'
  ),
  (
    'コミュ力',
    '業務上必要なコミュニケーション能力',
    1,
    1,
    'テスト太郎',
    '2011/11/11'
  ),
  (
    '休みにくさ',
    '身体の丈夫さやメンタルの強さ',
    1,
    1,
    'テスト太郎',
    '2011/11/11'
  )
  ;
INSERT INTO PRE_HUMAN_BASE_SKILLS (
    order_id,
    base_skill_id,
    base_skill_score,
    act_status,
    register,
    regist_date
  )
VALUES
  (1, 2, 80, 1, 'テスト太郎', '2011/11/11'),
  (1, 3, 40, 1, 'テスト太郎', '2011/11/11'),
  (1, 4, 30, 1, 'テスト太郎', '2011/11/11'),
  (2, 2, 70, 1, 'テスト太郎', '2011/11/11'),
  (2, 3, 70, 1, 'テスト太郎', '2011/11/11'),
  (2, 4, 70, 1, 'テスト太郎', '2011/11/11'),
  (3, 2, 70, 1, 'テスト太郎', '2011/11/11'),
  (3, 3, 70, 1, 'テスト太郎', '2011/11/11'),
  (6, 2, 100, 1, 'テスト太郎', '2011/11/11'),
  (6, 3, 0, 1, 'テスト太郎', '2011/11/11'),
  (6, 4, 100, 1, 'テスト太郎', '2011/11/11'),
  (7, 2, 100, 1, 'テスト太郎', '2011/11/11'),
  (7, 3, 100, 1, 'テスト太郎', '2011/11/11'),
  (7, 4, 100, 1, 'テスト太郎', '2011/11/11'),
  (8, 2, 50, 1, 'テスト太郎', '2011/11/11'),
  (8, 3, 50, 1, 'テスト太郎', '2011/11/11'),
  (8, 4, 50, 1, 'テスト太郎', '2011/11/11')
  ;
INSERT INTO PRE_HUMAN_SUB_SKILLS (
    order_id,
    sub_skill_id,
    act_status,
    register,
    regist_date
  )
VALUES
  (1, 1, 1, 'テスト太郎', '2011/11/11'),
  (1, 2, 1, 'テスト太郎', '2011/11/11'),
  (1, 3, 1, 'テスト太郎', '2011/11/11'),
  (1, 4, 1, 'テスト太郎', '2011/11/11'),
  (2, 1, 1, 'テスト太郎', '2011/11/11'),
  (2, 2, 1, 'テスト太郎', '2011/11/11'),
  (2, 3, 1, 'テスト太郎', '2011/11/11'),
  (3, 1, 1, 'テスト太郎', '2011/11/11'),
  (6, 1, 1, 'テスト太郎', '2011/11/11'),
  (6, 2, 1, 'テスト太郎', '2011/11/11'),
  (6, 3, 1, 'テスト太郎', '2011/11/11'),
  (6, 4, 1, 'テスト太郎', '2011/11/11'),
  (7, 1, 1, 'テスト太郎', '2011/11/11'),
  (7, 2, 1, 'テスト太郎', '2011/11/11'),
  (7, 3, 1, 'テスト太郎', '2011/11/11'),
  (7, 4, 1, 'テスト太郎', '2011/11/11'),
  (8, 1, 1, 'テスト太郎', '2011/11/11'),
  (8, 2, 1, 'テスト太郎', '2011/11/11'),
  (8, 3, 1, 'テスト太郎', '2011/11/11'),
  (8, 4, 1, 'テスト太郎', '2011/11/11')
  ;
INSERT INTO PRE_HUMAN_COMMON_SKILLS (
    order_id,
    common_skill_id,
    common_skill_score,
    act_status,
    register,
    regist_date
  )
VALUES
  (1, 2, 5, 1, 'テスト太郎', '2011/11/11'),
  (1, 3, 4, 1, 'テスト太郎', '2011/11/11'),
  (1, 4, 3, 1, 'テスト太郎', '2011/11/11'),
  (2, 1, 2, 1, 'テスト太郎', '2011/11/11'),
  (2, 2, 5, 1, 'テスト太郎', '2011/11/11'),
  (2, 3, 4, 1, 'テスト太郎', '2011/11/11'),
  (2, 4, 3, 1, 'テスト太郎', '2011/11/11'),
  (3, 2, 5, 1, 'テスト太郎', '2011/11/11'),
  (3, 4, 3, 1, 'テスト太郎', '2011/11/11'),
  (6, 1, 5, 1, 'テスト太郎', '2011/11/11'),
  (6, 2, 5, 1, 'テスト太郎', '2011/11/11'),
  (6, 3, 4, 1, 'テスト太郎', '2011/11/11'),
  (6, 4, 3, 1, 'テスト太郎', '2011/11/11'),
  (7, 1, 5, 1, 'テスト太郎', '2011/11/11'),
  (7, 2, 5, 1, 'テスト太郎', '2011/11/11'),
  (7, 3, 4, 1, 'テスト太郎', '2011/11/11'),
  (7, 4, 3, 1, 'テスト太郎', '2011/11/11'),
  (8, 1, 0, 1, 'テスト太郎', '2011/11/11'),
  (8, 2, 0, 1, 'テスト太郎', '2011/11/11'),
  (8, 3, 0, 1, 'テスト太郎', '2011/11/11'),
  (8, 4, 0, 1, 'テスト太郎', '2011/11/11')
  ;